"","coordinate","Abs.600","GFP.flu","green.intensity","plate","OD.600","GFP","row","column"
"1","A01",0.0732999965548515,7639,3096,1,0.0250666625797749,7638.98418862218,1,1
"2","A01",0.0762000009417534,5213,258,3,0.0279666669666767,5212.98235937726,1,1
"3","A01",0.0766000002622604,7898,774,4,0.0283666662871838,7897.98210706843,1,1
"4","A01",0.0733999982476234,6928,2150,2,0.0251666642725468,6927.98412554379,1,1
"5","A02",0.0738999992609024,4483,387,2,0.0256666652858257,4482.98381015658,1,2
"6","A02",0.0733999982476234,6795,2623,1,0.0251666642725468,6794.98412554379,1,2
"7","A02",0.0750000029802322,9762,1419,4,0.0267666690051556,9761.98311630376,1,2
"8","A02",0.0732999965548515,11340,2967,3,0.0250666625797749,11339.9841886222,1,2
"9","A03",0.0750000029802322,7553,4042,1,0.0267666690051556,7552.98311630376,1,3
"10","A03",0.0715999975800514,7020,946,4,0.0233666636049747,7019.98526093589,1,3
"11","A03",0.0745000019669533,5983,903,2,0.0262666679918766,5982.98343169098,1,3
"12","A03",0.0733999982476234,10258,2064,3,0.0251666642725468,10257.9841255438,1,3
"13","A04",0.0754000023007393,9830,1290,4,0.0271666683256626,9829.98286399493,1,4
"14","A04",0.0732000023126602,10550,2408,3,0.0249666683375835,10549.9842516959,1,4
"15","A04",0.0769999995827675,7123,2322,1,0.0287666656076908,7122.9818547596,1,4
"16","A04",0.0755999982357025,5295,645,2,0.0273666642606258,5294.98273784286,1,4
"17","A05",0.0724999979138374,9498,1978,4,0.0242666639387608,9497.98469323984,1,5
"18","A05",0.0777999982237816,6786,1720,1,0.0295666642487049,6785.98135014193,1,5
"19","A05",0.0746999979019165,7821,860,3,0.0264666639268398,7820.98330553891,1,5
"20","A05",0.0745000019669533,7223,1892,2,0.0262666679918766,7222.98343169098,1,5
"21","A06",0.0758000016212463,8918,1032,4,0.0275666676461697,8917.98261168609,1,6
"22","A06",0.0742999985814095,8819,1204,3,0.0260666646063328,8818.98355784775,1,6
"23","A06",0.0745000019669533,7380,2236,2,0.0262666679918766,7379.98343169098,1,6
"24","A06",0.0751999989151955,7704,2580,1,0.0269666649401188,7703.9829901517,1,6
"25","A07",0.0755999982357025,6062,387,4,0.0273666642606258,6061.98273784286,1,7
"26","A07",0.0772000029683113,5716,731,1,0.0289666689932346,5715.98172860283,1,7
"27","A07",0.0758000016212463,4052,172,2,0.0275666676461697,4051.9826116861,1,7
"28","A07",0.0738999992609024,11839,2924,3,0.0256666652858257,11838.9838101566,1,7
"29","A08",0.0754000023007393,7048,559,4,0.0271666683256626,7047.98286399493,1,8
"30","A08",0.0741000026464462,10611,1892,3,0.0258666686713696,10610.9836839998,1,8
"31","A08",0.0750999972224236,7582,1849,1,0.0268666632473469,7581.98305323008,1,8
"32","A08",0.0749000012874603,7742,2107,2,0.0266666673123837,7741.98317938214,1,8
"33","A09",0.0732000023126602,13294,3741,4,0.0249666683375835,13293.9842516959,1,9
"34","A09",0.0753000006079674,8439,3225,2,0.0270666666328907,8438.98292707331,1,9
"35","A09",0.0737000033259392,11105,2537,3,0.0254666693508625,11104.9839363086,1,9
"36","A09",0.0753000006079674,7294,1204,1,0.0270666666328907,7293.98292707331,1,9
"37","A10",0.0724000036716461,9431,1247,4,0.0241666696965694,9430.98475631353,1,10
"38","A10",0.0744000002741814,9297,3053,1,0.0261666662991047,9296.98349476936,1,10
"39","A10",0.0627999976277351,3558,946,2,0.0145666636526585,3557.99081173962,1,10
"40","A10",0.0746000036597252,8403,903,3,0.0263666696846485,8402.98336861259,1,10
"41","A11",0.0744000002741814,9560,1118,3,0.0261666662991047,9559.98349476936,1,11
"42","A11",0.0722000002861023,13159,2795,4,0.0239666663110256,13158.9848824703,1,11
"43","A11",0.0680999979376793,3611,301,2,0.0198666639626026,3610.98746864171,1,11
"44","A11",0.0740000009536743,10041,4095,1,0.0257666669785976,10040.9837470782,1,11
"45","A12",0.0746999979019165,11108,1849,3,0.0264666639268398,11107.9833055389,1,12
"46","A12",0.067500002682209,7446,3741,2,0.0192666687071323,7445.98784710261,1,12
"47","A12",0.0741999968886375,10060,3827,1,0.0259666629135609,10059.9836209261,1,12
"48","A12",0.0754000023007393,6435,344,4,0.0271666683256626,6434.98286399493,1,12
"49","B01",0.0692000016570091,6103,3827,2,0.0209666676819324,6102.98677478889,2,1
"50","B01",0.0763000026345253,4623,215,4,0.0280666686594486,4622.98229629888,2,1
"51","B01",0.0746999979019165,11265,2838,3,0.0264666639268398,11264.9833055389,2,1
"52","B01",0.0734999999403954,5935,1290,1,0.0252666659653187,5934.98406246541,2,1
"53","B02",0.0706000030040741,6251,2623,2,0.0223666690289974,6250.98589170563,2,2
"54","B02",0.0728999972343445,3281,0,1,0.0246666632592678,3280.98444093101,2,2
"55","B02",0.0747999995946884,8610,1161,4,0.0265666656196117,8609.98324246053,2,2
"56","B02",0.0729999989271164,10621,3526,3,0.0247666649520397,10620.9843778526,2,2
"57","B03",0.0749000012874603,6761,3268,1,0.0266666673123837,6760.98317938214,2,3
"58","B03",0.0725999996066093,6231,1290,2,0.0243666656315327,6230.98463016146,2,3
"59","B03",0.0733999982476234,9277,1591,3,0.0251666642725468,9276.98412554379,2,3
"60","B03",0.0746999979019165,9808,2365,4,0.0264666639268398,9807.98330553891,2,3
"61","B04",0.0737000033259392,6554,3397,1,0.0254666693508625,6553.98393630864,2,4
"62","B04",0.0763999968767166,12158,3655,4,0.0281666629016399,12157.9822332252,2,4
"63","B04",0.0741000026464462,6351,1505,2,0.0258666686713696,6350.98368399981,2,4
"64","B04",0.0738999992609024,9181,1548,3,0.0256666652858257,9180.98381015658,2,4
"65","B05",0.0767000019550323,9400,1505,4,0.0284666679799557,9399.98204399005,2,5
"66","B05",0.0742999985814095,6169,1032,2,0.0260666646063328,6168.98355784774,2,5
"67","B05",0.0749000012874603,6476,2408,1,0.0266666673123837,6475.98317938214,2,5
"68","B05",0.0729999989271164,9717,2279,3,0.0247666649520397,9716.98437785263,2,5
"69","B06",0.0772000029683113,8139,903,4,0.0289666689932346,8138.98172860283,2,6
"70","B06",0.0745000019669533,6313,1591,1,0.0262666679918766,6312.98343169098,2,6
"71","B06",0.0724999979138374,10903,3999,3,0.0242666639387608,10902.9846932398,2,6
"72","B06",0.0740000009536743,6868,1376,2,0.0257666669785976,6867.98374707819,2,6
"73","B07",0.0746999979019165,7142,2236,1,0.0264666639268398,7141.98330553891,2,7
"74","B07",0.0763000026345253,11168,2064,4,0.0280666686594486,11167.9822962989,2,7
"75","B07",0.0763000026345253,4565,344,2,0.0280666686594486,4564.98229629888,2,7
"76","B07",0.0737999975681305,8596,1161,3,0.0255666635930538,8595.98387323496,2,7
"77","B08",0.0763999968767166,12767,3354,4,0.0281666629016399,12766.9822332252,2,8
"78","B08",0.0737000033259392,9709,1763,3,0.0254666693508625,9708.98393630864,2,8
"79","B08",0.0764999985694885,6028,860,1,0.0282666645944118,6027.98217014681,2,8
"80","B08",0.0760999992489815,3479,0,2,0.0278666652739048,3478.98242245565,2,8
"81","B09",0.0756999999284744,11325,2494,4,0.0274666659533978,11324.9826747645,2,9
"82","B09",0.0742999985814095,8422,3526,2,0.0260666646063328,8421.98355784775,2,9
"83","B09",0.0741000026464462,10504,2494,3,0.0258666686713696,10503.9836839998,2,9
"84","B09",0.0750000029802322,4876,473,1,0.0267666690051556,4875.98311630376,2,9
"85","B10",0.0738999992609024,11729,1849,4,0.0256666652858257,11728.9838101566,2,10
"86","B10",0.0741999968886375,6545,946,1,0.0259666629135609,6544.98362092613,2,10
"87","B10",0.0742999985814095,8802,3096,2,0.0260666646063328,8801.98355784775,2,10
"88","B10",0.0736000016331673,11209,3225,3,0.0253666676580906,11208.983999387,2,10
"89","B11",0.0724999979138374,10792,1548,4,0.0242666639387608,10791.9846932398,2,11
"90","B11",0.0742999985814095,8706,2279,1,0.0260666646063328,8705.98355784775,2,11
"91","B11",0.0742999985814095,8556,2193,2,0.0260666646063328,8555.98355784775,2,11
"92","B11",0.0741000026464462,11432,2752,3,0.0258666686713696,11431.9836839998,2,11
"93","B12",0.0737999975681305,15657,2451,4,0.0255666635930538,15656.983873235,2,12
"94","B12",0.0742999985814095,12219,3182,3,0.0260666646063328,12218.9835578477,2,12
"95","B12",0.0769999995827675,4085,129,1,0.0287666656076908,4084.9818547596,2,12
"96","B12",0.0747999995946884,10624,4095,2,0.0265666656196117,10623.9832424605,2,12
"97","C01",0.0746000036597252,10280,3483,3,0.0263666696846485,10279.9833686126,3,1
"98","C01",0.0738999992609024,6303,2365,2,0.0256666652858257,6302.98381015658,3,1
"99","C01",0.0764999985694885,11025,2752,4,0.0282666645944118,11024.9821701468,3,1
"100","C01",0.0731000006198883,6381,2193,1,0.0248666666448116,6380.98431477424,3,1
"101","C02",0.0728000029921532,6942,3354,2,0.0245666690170765,6941.98450400469,3,2
"102","C02",0.0738999992609024,3257,43,1,0.0256666652858257,3256.98381015658,3,2
"103","C02",0.0715999975800514,7863,1677,3,0.0233666636049747,7862.98526093589,3,2
"104","C02",0.0763999968767166,10186,2666,4,0.0281666629016399,10185.9822332252,3,2
"105","C03",0.0710000023245811,6262,2838,2,0.0227666683495045,6261.98563939679,3,3
"106","C03",0.0772999972105026,11221,3483,4,0.0290666632354259,11220.9816655291,3,3
"107","C03",0.0727000012993813,5470,1247,1,0.0244666673243046,5469.98456708308,3,3
"108","C03",0.0716999992728233,6859,946,3,0.0234666652977467,6858.98519785751,3,3
"109","C04",0.0729999989271164,6660,3999,1,0.0247666649520397,6659.98437785263,3,4
"110","C04",0.0732000023126602,6549,1677,2,0.0249666683375835,6548.98425169586,3,4
"111","C04",0.0784000009298325,6078,430,4,0.0301666669547558,6077.98097167633,3,4
"112","C04",0.0723000019788742,5510,516,3,0.0240666680037975,5509.98481939191,3,4
"113","C05",0.0756999999284744,10767,4042,4,0.0274666659533978,10766.9826747645,3,5
"114","C05",0.0738999992609024,5526,1118,1,0.0256666652858257,5525.98381015658,3,5
"115","C05",0.0753000006079674,6543,1161,2,0.0270666666328907,6542.98292707331,3,5
"116","C05",0.0740000009536743,9396,2236,3,0.0257666669785976,9395.98374707819,3,5
"117","C06",0.0803999975323677,11465,2107,4,0.032166663557291,11464.9797101322,3,6
"118","C06",0.0740000009536743,5177,817,1,0.0257666669785976,5176.98374707819,3,6
"119","C06",0.0744000002741814,7329,1978,2,0.0261666662991047,7328.98349476936,3,6
"120","C06",0.0732999965548515,10701,4095,3,0.0250666625797749,10700.9841886222,3,6
"121","C07",0.0747999995946884,7253,2752,1,0.0265666656196117,7252.98324246053,3,7
"122","C07",0.0822999998927116,4098,86,4,0.034066665917635,4097.97851166168,3,7
"123","C07",0.0746999979019165,7779,3483,2,0.0264666639268398,7778.98330553891,3,7
"124","C07",0.0746000036597252,10021,2193,3,0.0263666696846485,10020.9833686126,3,7
"125","C08",0.0747999995946884,13538,3956,4,0.0265666656196117,13537.9832424605,3,8
"126","C08",0.0738999992609024,7436,2494,1,0.0256666652858257,7435.98381015658,3,8
"127","C08",0.0734999999403954,10625,3440,3,0.0252666659653187,10624.9840624654,3,8
"128","C08",0.0747999995946884,8576,3999,2,0.0265666656196117,8575.98324246053,3,8
"129","C09",0.0764999985694885,15008,3827,4,0.0282666645944118,15007.9821701468,3,9
"130","C09",0.0742999985814095,8278,2580,2,0.0260666646063328,8277.98355784775,3,9
"131","C09",0.0732000023126602,10959,3655,3,0.0249666683375835,10958.9842516959,3,9
"132","C09",0.0737000033259392,8203,3913,1,0.0254666693508625,8202.98393630864,3,9
"133","C10",0.0728999972343445,8599,3956,2,0.0246666632592678,8598.98444093101,3,10
"134","C10",0.0746000036597252,7550,1634,1,0.0263666696846485,7549.98336861259,3,10
"135","C10",0.0795999988913536,8060,645,4,0.0313666649162769,8059.98021474983,3,10
"136","C10",0.0741000026464462,8556,1290,3,0.0258666686713696,8555.98368399981,3,10
"137","C11",0.0738999992609024,9413,3440,1,0.0256666652858257,9412.98381015658,3,11
"138","C11",0.0724999979138374,8899,2709,2,0.0242666639387608,8898.98469323984,3,11
"139","C11",0.0759999975562096,14185,2924,4,0.0277666635811329,14184.982485534,3,11
"140","C11",0.0734999999403954,9906,1806,3,0.0252666659653187,9905.98406246541,3,11
"141","C12",0.0754999965429306,18034,3139,4,0.0272666625678539,18033.9828009212,3,12
"142","C12",0.0759999975562096,9048,2064,1,0.0277666635811329,9047.98248553403,3,12
"143","C12",0.0744000002741814,12802,4042,3,0.0261666662991047,12801.9834947694,3,12
"144","C12",0.0719000026583672,10328,3268,2,0.0236666686832905,10327.9850717007,3,12
"145","D01",0.0766000002622604,9029,1591,4,0.0283666662871838,9028.98210706843,4,1
"146","D01",0.0725999996066093,6154,2021,2,0.0243666656315327,6153.98463016146,4,1
"147","D01",0.0722000002861023,8164,2666,3,0.0239666663110256,8163.98488247029,4,1
"148","D01",0.0741999968886375,5724,1892,1,0.0259666629135609,5723.98362092613,4,1
"149","D02",0.0718000009655952,6713,4042,2,0.0235666669905186,6712.98513477913,4,2
"150","D02",0.0784000009298325,8711,1204,4,0.0301666669547558,8710.98097167633,4,2
"151","D02",0.0754999965429306,8694,2365,3,0.0272666625678539,8693.98280092125,4,2
"152","D02",0.0706999972462654,5640,2365,1,0.0224666632711887,5639.98582863194,4,2
"153","D03",0.0795999988913536,8647,989,4,0.0313666649162769,8646.98021474983,4,3
"154","D03",0.0737000033259392,6083,1333,2,0.0254666693508625,6082.98393630864,4,3
"155","D03",0.0728999972343445,8826,3397,3,0.0246666632592678,8825.98444093101,4,3
"156","D03",0.0737000033259392,6479,2967,1,0.0254666693508625,6478.98393630864,4,3
"157","D04",0.0724999979138374,7570,1419,3,0.0242666639387608,7569.98469323984,4,4
"158","D04",0.0728999972343445,6384,1204,2,0.0246666632592678,6383.98444093101,4,4
"159","D04",0.0732999965548515,5776,1462,1,0.0250666625797749,5775.98418862218,4,4
"160","D04",0.0747999995946884,12736,3870,4,0.0265666656196117,12735.9832424605,4,4
"161","D05",0.0751999989151955,4107,258,2,0.0269666649401188,4106.9829901517,4,5
"162","D05",0.0744000002741814,3490,86,1,0.0261666662991047,3489.98349476936,4,5
"163","D05",0.0724999979138374,11560,3311,4,0.0242666639387608,11559.9846932398,4,5
"164","D05",0.0741000026464462,9841,3010,3,0.0258666686713696,9840.98368399981,4,5
"165","D06",0.0724999979138374,5300,774,1,0.0242666639387608,5299.98469323984,4,6
"166","D06",0.0745000019669533,6388,860,2,0.0262666679918766,6387.98343169098,4,6
"167","D06",0.0781999975442886,13337,2322,4,0.029966663569212,13336.9810978331,4,6
"168","D06",0.0733999982476234,10126,3311,3,0.0251666642725468,10125.9841255438,4,6
"169","D07",0.0747999995946884,8759,3053,2,0.0265666656196117,8758.98324246053,4,7
"170","D07",0.0740000009536743,4948,645,1,0.0257666669785976,4947.98374707819,4,7
"171","D07",0.0776000022888184,14535,3397,4,0.0293666683137417,14534.981476294,4,7
"172","D07",0.0751999989151955,7187,731,3,0.0269666649401188,7186.9829901517,4,7
"173","D08",0.0808999985456467,3982,43,4,0.03266666457057,3981.97939474495,4,8
"174","D08",0.0731000006198883,8023,3784,1,0.0248666666448116,8022.98431477424,4,8
"175","D08",0.0740000009536743,9902,2881,3,0.0257666669785976,9901.98374707819,4,8
"176","D08",0.0747999995946884,7266,1247,2,0.0265666656196117,7265.98324246053,4,8
"177","D09",0.0776999965310097,13579,2236,4,0.029466662555933,13578.9814132203,4,9
"178","D09",0.0741999968886375,6493,989,1,0.0259666629135609,6492.98362092613,4,9
"179","D09",0.0753000006079674,6022,430,3,0.0270666666328907,6021.98292707331,4,9
"180","D09",0.0750000029802322,9324,3182,2,0.0267666690051556,9323.98311630376,4,9
"181","D10",0.0749000012874603,8181,1806,1,0.0266666673123837,8180.98317938214,4,10
"182","D10",0.0768000036478043,9079,602,4,0.0285666696727276,9078.98198091166,4,10
"183","D10",0.0763000026345253,6169,602,2,0.0280666686594486,6168.98229629888,4,10
"184","D10",0.0742999985814095,4314,215,3,0.0260666646063328,4313.98355784774,4,10
"185","D11",0.0776000022888184,4080,86,2,0.0293666683137417,4079.981476294,4,11
"186","D11",0.0763000026345253,9560,731,4,0.0280666686594486,9559.98229629888,4,11
"187","D11",0.0742999985814095,7907,1548,1,0.0260666646063328,7906.98355784774,4,11
"188","D11",0.0751999989151955,12297,3870,3,0.0269666649401188,12296.9829901517,4,11
"189","D12",0.0750000029802322,17580,2838,4,0.0267666690051556,17579.9831163038,4,12
"190","D12",0.0762000009417534,11962,3612,2,0.0279666669666767,11961.9823593773,4,12
"191","D12",0.0758000016212463,9955,1376,3,0.0275666676461697,9954.98261168609,4,12
"192","D12",0.0768999978899956,9198,1935,1,0.0286666639149189,9197.98191783798,4,12
"193","E01",0.0790999978780746,5039,301,4,0.030866663902998,5038.98053013705,5,1
"194","E01",0.0729999989271164,5651,1720,2,0.0247666649520397,5650.98437785263,5,1
"195","E01",0.0756999999284744,9305,3784,3,0.0274666659533978,9304.98267476448,5,1
"196","E01",0.0689999982714653,5411,2795,1,0.0207666642963886,5410.98690094566,5,1
"197","E02",0.0715999975800514,6013,2322,2,0.0233666636049747,6012.98526093589,5,2
"198","E02",0.0781999975442886,10546,2408,4,0.029966663569212,10545.9810978331,5,2
"199","E02",0.0731000006198883,4572,688,1,0.0248666666448116,4571.98431477424,5,2
"200","E02",0.0760999992489815,8371,3096,3,0.0278666652739048,8370.98242245565,5,2
"201","E03",0.0741999968886375,5966,1118,2,0.0259666629135609,5965.98362092613,5,3
"202","E03",0.0759999975562096,7569,1032,3,0.0277666635811329,7568.98248553403,5,3
"203","E03",0.0728000029921532,5864,1978,1,0.0245666690170765,5863.98450400469,5,3
"204","E03",0.0776000022888184,11206,2881,4,0.0293666683137417,11205.981476294,5,3
"205","E04",0.0720999985933304,8669,3053,3,0.0238666646182537,8668.98494554868,5,4
"206","E04",0.0736000016331673,7299,2795,2,0.0253666676580906,7298.98399938703,5,4
"207","E04",0.0776000022888184,13054,3784,4,0.0293666683137417,13053.981476294,5,4
"208","E04",0.0756999999284744,6164,1333,1,0.0274666659533978,6163.98267476448,5,4
"209","E05",0.0754999965429306,6454,688,3,0.0272666625678539,6453.98280092125,5,5
"210","E05",0.0734999999403954,7537,2451,2,0.0252666659653187,7536.98406246541,5,5
"211","E05",0.0771000012755394,10690,1720,4,0.0288666673004627,10689.9817916812,5,5
"212","E05",0.0720999985933304,6416,2838,1,0.0238666646182537,6415.98494554868,5,5
"213","E06",0.0754000023007393,4279,215,2,0.0271666683256626,4278.98286399493,5,6
"214","E06",0.0728000029921532,7006,3741,1,0.0245666690170765,7005.98450400469,5,6
"215","E06",0.0784000009298325,9857,1075,4,0.0301666669547558,9856.98097167633,5,6
"216","E06",0.0746000036597252,6240,602,3,0.0263666696846485,6239.98336861259,5,6
"217","E07",0.0759999975562096,9009,2752,2,0.0277666635811329,9008.98248553403,5,7
"218","E07",0.0732999965548515,7440,3655,1,0.0250666625797749,7439.98418862218,5,7
"219","E07",0.0756999999284744,3580,43,3,0.0274666659533978,3579.98267476448,5,7
"220","E07",0.0776999965310097,14821,3569,4,0.029466662555933,14820.9814132203,5,7
"221","E08",0.0760999992489815,9934,3870,2,0.0278666652739048,9933.98242245565,5,8
"222","E08",0.0741000026464462,4423,301,1,0.0258666686713696,4422.98368399981,5,8
"223","E08",0.0804999992251396,9024,688,4,0.0322666652500629,9023.97964705378,5,8
"224","E08",0.0767000019550323,4347,172,3,0.0284666679799557,4346.98204399005,5,8
"225","E09",0.0741999968886375,5237,559,1,0.0259666629135609,5236.98362092613,5,9
"226","E09",0.0778999999165535,13396,1806,4,0.0296666659414768,13395.9812870635,5,9
"227","E09",0.0744000002741814,10294,3698,3,0.0261666662991047,10293.9834947694,5,9
"228","E09",0.0780000016093254,6555,774,2,0.0297666676342487,6554.98122398516,5,9
"229","E10",0.0733999982476234,15729,3096,4,0.0251666642725468,15728.9841255438,5,10
"230","E10",0.0776999965310097,6733,688,2,0.029466662555933,6732.98141322031,5,10
"231","E10",0.0756999999284744,9099,1462,3,0.0274666659533978,9098.98267476448,5,10
"232","E10",0.0728999972343445,4561,387,1,0.0246666632592678,4560.98444093101,5,10
"233","E11",0.0772999972105026,15179,2580,4,0.0290666632354259,15178.9816655291,5,11
"234","E11",0.0771000012755394,10908,2881,2,0.0288666673004627,10907.9817916812,5,11
"235","E11",0.0749000012874603,9594,3225,1,0.0266666673123837,9593.98317938214,5,11
"236","E11",0.0755999982357025,5486,344,3,0.0273666642606258,5485.98273784286,5,11
"237","E12",0.0745000019669533,17350,3268,4,0.0262666679918766,17349.983431691,5,12
"238","E12",0.0766000002622604,10914,1462,2,0.0283666662871838,10913.9821070684,5,12
"239","E12",0.0754999965429306,10976,1720,3,0.0272666625678539,10975.9828009212,5,12
"240","E12",0.0767000019550323,7426,903,1,0.0284666679799557,7425.98204399005,5,12
"241","F01",0.0738999992609024,6694,2021,3,0.0256666652858257,6693.98381015658,6,1
"242","F01",0.0733999982476234,5243,2967,2,0.0251666642725468,5242.98412554379,6,1
"243","F01",0.0785999968647957,8714,1634,4,0.030366662889719,8713.98084552426,6,1
"244","F01",0.0698999986052513,4996,3483,1,0.0216666646301746,4995.98633324961,6,1
"245","F02",0.0700000002980232,5806,3655,2,0.0217666663229465,5805.98627017123,6,2
"246","F02",0.0679000020027161,3531,172,1,0.0196666680276394,3530.98759479377,6,2
"247","F02",0.0737999975681305,7277,1935,3,0.0255666635930538,7276.98387323496,6,2
"248","F02",0.0763000026345253,11459,3182,4,0.0280666686594486,11458.9822962989,6,2
"249","F03",0.0724000036716461,6680,3440,2,0.0241666696965694,6679.98475631353,6,3
"250","F03",0.0714000016450882,5678,3612,1,0.0231666676700115,5677.98538708796,6,3
"251","F03",0.0781999975442886,7907,860,4,0.029966663569212,7906.9810978331,6,3
"252","F03",0.0750999972224236,9099,3827,3,0.0268666632473469,9098.98305323008,6,3
"253","F04",0.0768999978899956,11025,1677,4,0.0286666639149189,11024.981917838,6,4
"254","F04",0.0732999965548515,6215,989,2,0.0250666625797749,6214.98418862218,6,4
"255","F04",0.0737999975681305,7723,1505,3,0.0255666635930538,7722.98387323496,6,4
"256","F04",0.0731000006198883,5830,2150,1,0.0248666666448116,5829.98431477424,6,4
"257","F05",0.0746999979019165,9245,3268,3,0.0264666639268398,9244.98330553891,6,5
"258","F05",0.0741999968886375,6265,1075,2,0.0259666629135609,6264.98362092613,6,5
"259","F05",0.0769999995827675,6692,516,4,0.0287666656076908,6691.9818547596,6,5
"260","F05",0.0724000036716461,6179,2666,1,0.0241666696965694,6178.98475631353,6,5
"261","F06",0.0744000002741814,5976,731,2,0.0261666662991047,5975.98349476936,6,6
"262","F06",0.0731000006198883,9495,3956,3,0.0248666666448116,9494.98431477424,6,6
"263","F06",0.0715999975800514,6708,3010,1,0.0233666636049747,6707.98526093589,6,6
"264","F06",0.0791999995708466,10812,1118,4,0.0309666655957699,10811.9804670587,6,6
"265","F07",0.0749000012874603,9084,3397,2,0.0266666673123837,9083.98317938214,6,7
"266","F07",0.0724999979138374,5805,645,3,0.0242666639387608,5804.98469323984,6,7
"267","F07",0.0776999965310097,14216,3053,4,0.029466662555933,14215.9814132203,6,7
"268","F07",0.0736000016331673,7695,3311,1,0.0253666676580906,7694.98399938703,6,7
"269","F08",0.0754999965429306,8380,1935,2,0.0272666625678539,8379.98280092125,6,8
"270","F08",0.0758000016212463,10509,3354,3,0.0275666676461697,10508.9826116861,6,8
"271","F08",0.0798999965190887,12110,1376,4,0.0316666625440121,12109.9800255194,6,8
"272","F08",0.0719999969005585,6306,1161,1,0.0237666629254818,6305.98500862706,6,8
"273","F09",0.0767000019550323,10206,3311,2,0.0284666679799557,10205.98204399,6,9
"274","F09",0.0727000012993813,8482,3870,1,0.0244666673243046,8481.98456708308,6,9
"275","F09",0.0751999989151955,7075,774,3,0.0269666649401188,7074.9829901517,6,9
"276","F09",0.0793000012636185,5072,172,4,0.0310666672885418,5071.98040398028,6,9
"277","F10",0.0776000022888184,6378,516,2,0.0293666683137417,6377.981476294,6,10
"278","F10",0.0772000029683113,13614,1462,4,0.0289666689932346,13613.9817286028,6,10
"279","F10",0.0732999965548515,7355,1376,1,0.0250666625797749,7354.98418862218,6,10
"280","F10",0.0750000029802322,11785,3913,3,0.0267666690051556,11784.9831163038,6,10
"281","F11",0.0742999985814095,9463,2881,1,0.0260666646063328,9462.98355784775,6,11
"282","F11",0.0768999978899956,11255,3010,2,0.0286666639149189,11254.981917838,6,11
"283","F11",0.0773999989032745,14656,2150,4,0.0291666649281979,14655.9816024508,6,11
"284","F11",0.0773999989032745,6353,473,3,0.0291666649281979,6352.98160245076,6,11
"285","F12",0.0755999982357025,19288,3698,4,0.0273666642606258,19287.9827378429,6,12
"286","F12",0.0754999965429306,9899,2709,1,0.0272666625678539,9898.98280092125,6,12
"287","F12",0.0772999972105026,5278,301,3,0.0290666632354259,5277.98166552915,6,12
"288","F12",0.0772000029683113,11442,2064,2,0.0289666689932346,11441.9817286028,6,12
"289","G01",0.0719999969005585,5611,2709,3,0.0237666629254818,5610.98500862706,7,1
"290","G01",0.0786999985575676,9229,3010,4,0.0304666645824909,9228.98078244588,7,1
"291","G01",0.070200003683567,5116,2537,2,0.0219666697084904,5115.98614401446,7,1
"292","G01",0.0678000003099442,4291,2021,1,0.0195666663348675,4290.98765787216,7,1
"293","G02",0.0727000012993813,5589,2408,2,0.0244666673243046,5588.98456708308,7,2
"294","G02",0.0749000012874603,6876,2451,3,0.0266666673123837,6875.98317938214,7,2
"295","G02",0.0773999989032745,10139,2279,4,0.0291666649281979,10138.9816024508,7,2
"296","G02",0.0696000009775162,3930,516,1,0.0213666670024395,3929.98652248006,7,2
"297","G03",0.0737999975681305,6707,3913,2,0.0255666635930538,6706.98387323496,7,3
"298","G03",0.0755999982357025,7678,1978,3,0.0273666642606258,7677.98273784286,7,3
"299","G03",0.0780000016093254,12076,3913,4,0.0297666676342487,12075.9812239852,7,3
"300","G03",0.0719999969005585,5344,3569,1,0.0237666629254818,5343.98500862706,7,3
"301","G04",0.0776999965310097,14206,4095,4,0.029466662555933,14205.9814132203,7,4
"302","G04",0.0737000033259392,6473,1806,2,0.0254666693508625,6472.98393630864,7,4
"303","G04",0.0767000019550323,6233,817,3,0.0284666679799557,6232.98204399005,7,4
"304","G04",0.0733999982476234,5996,3526,1,0.0251666642725468,5995.98412554379,7,4
"305","G05",0.0781999975442886,3844,86,3,0.029966663569212,3843.9810978331,7,5
"306","G05",0.0767000019550323,10145,1333,4,0.0284666679799557,10144.98204399,7,5
"307","G05",0.0737999975681305,7626,2666,2,0.0255666635930538,7625.98387323496,7,5
"308","G05",0.0727000012993813,6482,3698,1,0.0244666673243046,6481.98456708308,7,5
"309","G06",0.0749000012874603,8605,2924,2,0.0266666673123837,8604.98317938214,7,6
"310","G06",0.0724000036716461,8102,2107,3,0.0241666696965694,8101.98475631353,7,6
"311","G06",0.0736000016331673,6826,3139,1,0.0253666676580906,6825.98399938703,7,6
"312","G06",0.0799999982118607,13166,1763,4,0.031766664236784,13165.979962441,7,6
"313","G07",0.0749000012874603,7252,989,3,0.0266666673123837,7251.98317938214,7,7
"314","G07",0.0759999975562096,8329,1634,2,0.0277666635811329,8328.98248553403,7,7
"315","G07",0.0778999999165535,15150,3225,4,0.0296666659414768,15149.9812870635,7,7
"316","G07",0.0749000012874603,7247,2107,1,0.0266666673123837,7246.98317938214,7,7
"317","G08",0.0769999995827675,5736,473,2,0.0287666656076908,5735.9818547596,7,8
"318","G08",0.0769999995827675,14294,2709,4,0.0287666656076908,14293.9818547596,7,8
"319","G08",0.0741000026464462,9305,2623,3,0.0258666686713696,9304.98368399981,7,8
"320","G08",0.0737000033259392,4060,215,1,0.0254666693508625,4059.98393630864,7,8
"321","G09",0.0750000029802322,8373,1763,2,0.0267666690051556,8372.98311630376,7,9
"322","G09",0.0762000009417534,10110,2150,3,0.0279666669666767,10109.9823593773,7,9
"323","G09",0.0736000016331673,4437,258,1,0.0253666676580906,4436.98399938703,7,9
"324","G09",0.0790999978780746,16945,2967,4,0.030866663902998,16944.980530137,7,9
"325","G10",0.0737999975681305,8703,2537,1,0.0255666635930538,8702.98387323496,7,10
"326","G10",0.0763999968767166,10560,3698,2,0.0281666629016399,10559.9822332252,7,10
"327","G10",0.0747999995946884,10003,2580,3,0.0265666656196117,10002.9832424605,7,10
"328","G10",0.0772000029683113,7776,473,4,0.0289666689932346,7775.98172860283,7,10
"329","G11",0.0776999965310097,10231,1591,2,0.029466662555933,10230.9814132203,7,11
"330","G11",0.0740000009536743,7541,1505,1,0.0257666669785976,7540.98374707819,7,11
"331","G11",0.0753000006079674,16251,2537,4,0.0270666666328907,16250.9829270733,7,11
"332","G11",0.0751999989151955,11720,3569,3,0.0269666649401188,11719.9829901517,7,11
"333","G12",0.0755999982357025,19450,3526,4,0.0273666642606258,19449.9827378429,7,12
"334","G12",0.0776000022888184,11826,1849,2,0.0293666683137417,11825.981476294,7,12
"335","G12",0.0746000036597252,7365,1075,1,0.0263666696846485,7364.98336861259,7,12
"336","G12",0.0772999972105026,6094,387,3,0.0290666632354259,6093.98166552915,7,12
"337","H01",0.0665000006556511,4104,2451,1,0.0182666666805744,4103.98847787704,8,1
"338","H01",0.0785999968647957,9837,2623,4,0.030366662889719,9836.98084552426,8,1
"339","H01",0.0751999989151955,4968,1075,3,0.0269666649401188,4967.9829901517,8,1
"340","H01",0.0714000016450882,4635,1548,2,0.0231666676700115,4634.98538708796,8,1
"341","H02",0.0762000009417534,12130,3612,4,0.0279666669666767,12129.9823593773,8,2
"342","H02",0.0763999968767166,3701,129,3,0.0281666629016399,3700.9822332252,8,2
"343","H02",0.0685999989509583,4254,1419,1,0.0203666649758816,4253.98715325449,8,2
"344","H02",0.0736000016331673,4250,430,2,0.0253666676580906,4249.98399938703,8,2
"345","H03",0.0732999965548515,6876,3139,2,0.0250666625797749,6875.98418862218,8,3
"346","H03",0.0759000033140182,4941,559,3,0.0276666693389416,4940.98254860771,8,3
"347","H03",0.0790000036358833,5255,258,4,0.0307666696608067,5254.98059321073,8,3
"348","H03",0.0719000026583672,5603,3182,1,0.0236666686832905,5602.98507170074,8,3
"349","H04",0.0768999978899956,14728,3440,4,0.0286666639149189,14727.981917838,8,4
"350","H04",0.0750999972224236,6155,817,2,0.0268666632473469,6154.98305323008,8,4
"351","H04",0.0751999989151955,8694,3139,3,0.0269666649401188,8693.9829901517,8,4
"352","H04",0.0728000029921532,5787,1763,1,0.0245666690170765,5786.98450400469,8,4
"353","H05",0.0724000036716461,8506,2795,3,0.0241666696965694,8505.98475631353,8,5
"354","H05",0.0772000029683113,9163,817,4,0.0289666689932346,9162.98172860283,8,5
"355","H05",0.0763999968767166,3792,43,2,0.0281666629016399,3791.9822332252,8,5
"356","H05",0.0732999965548515,5577,1032,1,0.0250666625797749,5576.98418862218,8,5
"357","H06",0.0741999968886375,8133,1419,2,0.0259666629135609,8132.98362092613,8,6
"358","H06",0.0742999985814095,7880,1247,3,0.0260666646063328,7879.98355784774,8,6
"359","H06",0.0764999985694885,18091,3999,4,0.0282666645944118,18090.9821701468,8,6
"360","H06",0.0688999965786934,4692,602,1,0.0206666626036167,4691.98696402404,8,6
"361","H07",0.0781000033020973,4097,0,4,0.0298666693270206,4096.98116090678,8,7
"362","H07",0.0750000029802322,8895,1634,3,0.0267666690051556,8894.98311630376,8,7
"363","H07",0.0750000029802322,10432,3784,2,0.0267666690051556,10431.9831163038,8,7
"364","H07",0.0781999975442886,5658,430,1,0.029966663569212,5657.9810978331,8,7
"365","H08",0.0746999979019165,8668,1333,3,0.0264666639268398,8667.98330553891,8,8
"366","H08",0.0759000033140182,9930,2279,2,0.0276666693389416,9929.98254860771,8,8
"367","H08",0.0759000033140182,15310,1892,4,0.0276666693389416,15309.9825486077,8,8
"368","H08",0.0732000023126602,8888,3956,1,0.0249666683375835,8887.98425169586,8,8
"369","H09",0.0763999968767166,3372,0,3,0.0281666629016399,3371.9822332252,8,9
"370","H09",0.0788000002503395,4918,129,4,0.0305666662752628,4917.9807193675,8,9
"371","H09",0.0773999989032745,4219,129,2,0.0291666649281979,4218.98160245076,8,9
"372","H09",0.0711999982595444,7610,1677,1,0.0229666642844677,7609.98551324473,8,9
"373","H10",0.0756999999284744,11186,2494,2,0.0274666659533978,11185.9826747645,8,10
"374","H10",0.0745000019669533,11855,3612,3,0.0262666679918766,11854.983431691,8,10
"375","H10",0.0769999995827675,5355,344,1,0.0287666656076908,5354.9818547596,8,10
"376","H10",0.0753000006079674,15478,1935,4,0.0270666666328907,15477.9829270733,8,10
"377","H11",0.0766000002622604,13016,3569,2,0.0283666662871838,13015.9821070684,8,11
"378","H11",0.0740000009536743,10017,2924,1,0.0257666669785976,10016.9837470782,8,11
"379","H11",0.0747999995946884,16445,2021,4,0.0265666656196117,16444.9832424605,8,11
"380","H11",0.0758000016212463,11377,2322,3,0.0275666676461697,11376.9826116861,8,11
"381","H12",0.0760999992489815,12852,3741,3,0.0278666652739048,12851.9824224556,8,12
"382","H12",0.0736000016331673,10546,3354,1,0.0253666676580906,10545.983999387,8,12
"383","H12",0.0780000016093254,7440,559,2,0.0297666676342487,7439.98122398516,8,12
"384","H12",0.0734999999403954,16833,2193,4,0.0252666659653187,16832.9840624654,8,12
